INDIANA ORGANIC Homemade Aamchi Mumbai Sandwich Masala Powder - 150 Gram,4.0 out of 5 stars,22 ratings,In stock.,
INDIANA ORGANIC Homemade Aamchi Mumbai Sandwich Masala Powder - 150 Gram,4.0 out of 5 stars,22 ratings,In stock.,
INDIANA ORGANIC Homemade Aamchi Mumbai Sandwich Masala Powder - 150 Gram,4.0 out of 5 stars,22 ratings,In stock.,
INDIANA ORGANIC Homemade Aamchi Mumbai Sandwich Masala Powder - 150 Gram,INDIANA ORGANIC Homemade Aamchi Mumbai Sandwich Masala Powder - 150 Gram,4.0 out of 5 stars,22 ratings,In stock.,
INDIANA ORGANIC Homemade Aamchi Mumbai Sandwich Masala Powder - 150 Gram,INDIANA ORGANIC Homemade Aamchi Mumbai Sandwich Masala Powder - 150 Gram,INDIANA ORGANIC Homemade Aamchi Mumbai Sandwich Masala Powder - 150 Gram,4.0 out of 5 stars,22 ratings,In stock.,
INDIANA ORGANIC Homemade Aamchi Mumbai Sandwich Masala Powder - 150 Gram,4.0 out of 5 stars,22 ratings,In stock.,
INDIANA ORGANIC Homemade Aamchi Mumbai Sandwich Masala Powder - 150 Gram,4.0 out of 5 stars,22 ratings,In stock.,
INDIANA ORGANIC Homemade Aamchi Mumbai Sandwich Masala Powder - 150 Gram,4.0 out of 5 stars,22 ratings,In stock.,
INDIANA ORGANIC Homemade Aamchi Mumbai Sandwich Masala Powder - 150 Gram,4.0 out of 5 stars,22 ratings,In stock.,
INDIANA ORGANIC Homemade Aamchi Mumbai Sandwich Masala Powder - 150 Gram,4.0 out of 5 stars,22 ratings,In stock.,
INDIANA ORGANIC Homemade Aamchi Mumbai Sandwich Masala Powder - 150 Gram,4.0 out of 5 stars,22 ratings,In stock.,
INDIANA ORGANIC Homemade Aamchi Mumbai Sandwich Masala Powder - 150 Gram,4.0 out of 5 stars,22 ratings,In stock.,
INDIANA ORGANIC Homemade Aamchi Mumbai Sandwich Masala Powder - 150 Gram,4.0 out of 5 stars,22 ratings,In stock.,
